file,obs_id,instrument,filter,x,y,ra,dec,flux,flux_err,peak,snr,concentration,asymmetry,edge_density,eccentricity,has_nan,flags,anomaly_score,is_anomaly,cutout_path,key_features
/Users/rajeevkumar/Downloads/jwst/jwst_lab/data/products/test_jwst_image_1_i2d.fits,test_obs_1,NIRCAM,F115W,317.69890822831957,502.72795561587714,149.02411918438742,69.67885799062462,33.21672821044922,,4262.7024002075195,422.8405205237352,-0.38946995814151153,0.884248748672259,38.38493759501926,0.9435878388301914,False,high_ellipticity,0.7367536458259685,True,/Users/rajeevkumar/Downloads/jwst/jwst_lab/outputs/figures/cutouts/test_jwst_image_1_i2d_anomaly_442.png,"SNR=422.8, ecc=0.94, asym=0.88"
/Users/rajeevkumar/Downloads/jwst/jwst_lab/data/products/test_jwst_image_1_i2d.fits,test_obs_1,NIRCAM,F115W,346.9671229325143,503.47036243234993,149.01569155094546,69.67893469577683,-68.51313781738281,,4262.7024002075195,422.8405205237352,0.41561860665808925,0.8252041536334946,37.69885820124326,0.9491092637702667,False,high_ellipticity,0.7182184062190705,True,/Users/rajeevkumar/Downloads/jwst/jwst_lab/outputs/figures/cutouts/test_jwst_image_1_i2d_anomaly_445.png,"SNR=422.8, ecc=0.95, asym=0.83"
/Users/rajeevkumar/Downloads/jwst/jwst_lab/data/products/test_jwst_image_1_i2d.fits,test_obs_1,NIRCAM,F115W,532.7645501743716,291.9183751788024,148.96219710101218,69.65778572708771,-3.29913330078125,,978.569465637207,97.06960124603731,6.433063558551829,0.8693650929194386,27.108343492181177,0.0,False,none,0.7108911774401112,True,/Users/rajeevkumar/Downloads/jwst/jwst_lab/outputs/figures/cutouts/test_jwst_image_1_i2d_anomaly_261.png,"SNR=97.1, ecc=0.00, asym=0.87"
/Users/rajeevkumar/Downloads/jwst/jwst_lab/data/products/test_jwst_image_1_i2d.fits,test_obs_1,NIRCAM,F115W,319.0118612124317,437.8070462527075,149.0237242092647,69.67236602195403,15.785591125488281,,4262.7024002075195,422.8405205237352,0.0,0.8662557257428497,32.620694361695456,0.0,False,none,0.7047607534675534,True,/Users/rajeevkumar/Downloads/jwst/jwst_lab/outputs/figures/cutouts/test_jwst_image_1_i2d_anomaly_388.png,"SNR=422.8, ecc=0.00, asym=0.87"
/Users/rajeevkumar/Downloads/jwst/jwst_lab/data/products/test_jwst_image_1_i2d.fits,test_obs_1,NIRCAM,F115W,584.8836603096343,267.8958539812178,148.94720666250296,69.65538230213791,-7.6060943603515625,,978.569465637207,97.06960124603731,-2.543188607950701,0.866272472271833,31.58929327292919,1.6983750721268454,False,high_ellipticity,0.6982947342654465,True,/Users/rajeevkumar/Downloads/jwst/jwst_lab/outputs/figures/cutouts/test_jwst_image_1_i2d_anomaly_243.png,"SNR=97.1, ecc=1.70, asym=0.87"
/Users/rajeevkumar/Downloads/jwst/jwst_lab/data/products/test_jwst_image_1_i2d.fits,test_obs_1,NIRCAM,F115W,390.1964497107391,876.7227009442544,149.0033048947295,69.71626281934333,-69.30833435058594,,769.461555480957,76.32705596025927,-0.5258916746716079,0.8317998112295106,-0.25778306497109904,338.67353010861564,False,high_ellipticity,0.693642035181914,True,/Users/rajeevkumar/Downloads/jwst/jwst_lab/outputs/figures/cutouts/test_jwst_image_1_i2d_anomaly_801.png,"SNR=76.3, ecc=338.67, asym=0.83"
/Users/rajeevkumar/Downloads/jwst/jwst_lab/data/products/test_jwst_image_1_i2d.fits,test_obs_1,NIRCAM,F115W,199.05887697532995,531.5100043721939,149.058293804903,69.68172206697051,-64.30879211425781,,3074.0678787231445,304.9334295308322,-0.6248632532707239,0.8012750339678638,0.22759657896613392,8.952772107260225,False,high_ellipticity,0.6895693901834453,True,/Users/rajeevkumar/Downloads/jwst/jwst_lab/outputs/figures/cutouts/test_jwst_image_1_i2d_anomaly_475.png,"SNR=304.9, ecc=8.95, asym=0.80"
/Users/rajeevkumar/Downloads/jwst/jwst_lab/data/products/test_jwst_image_1_i2d.fits,test_obs_1,NIRCAM,F115W,373.57876877248,328.6381848162576,149.00799610580447,69.66145337319138,-12.514907836914062,,844.8146438598633,83.80173660220522,4.744048089559023,0.8678242036751906,24.611614347406952,1.0334046964332388,False,high_ellipticity,0.6869285278322196,True,/Users/rajeevkumar/Downloads/jwst/jwst_lab/outputs/figures/cutouts/test_jwst_image_1_i2d_anomaly_287.png,"SNR=83.8, ecc=1.03, asym=0.87"
/Users/rajeevkumar/Downloads/jwst/jwst_lab/data/products/test_jwst_image_1_i2d.fits,test_obs_1,NIRCAM,F115W,571.197365851781,244.15728787599744,148.95114521928392,69.65300887798772,-114.76161193847656,,978.569465637207,97.06960124603731,-32.92831464247145,0.8787110562333987,5.127639098220655,0.9940251458221895,False,high_ellipticity,0.6780406272336723,True,/Users/rajeevkumar/Downloads/jwst/jwst_lab/outputs/figures/cutouts/test_jwst_image_1_i2d_anomaly_224.png,"SNR=97.1, ecc=0.99, asym=0.88"
/Users/rajeevkumar/Downloads/jwst/jwst_lab/data/products/test_jwst_image_1_i2d.fits,test_obs_1,NIRCAM,F115W,312.20374277352647,516.8652986556518,149.02570533436244,69.68027121649365,9.671043395996094,,4254.4484939575195,422.0217708932346,0.3905760862217199,0.8537660004103439,15.112609124316426,0.8913232789857947,False,high_ellipticity,0.6691673583845481,True,/Users/rajeevkumar/Downloads/jwst/jwst_lab/outputs/figures/cutouts/test_jwst_image_1_i2d_anomaly_461.png,"SNR=422.0, ecc=0.89, asym=0.85"
/Users/rajeevkumar/Downloads/jwst/jwst_lab/data/products/test_jwst_image_1_i2d.fits,test_obs_1,NIRCAM,F115W,865.375357614007,797.7495168275075,148.86627336549736,69.70833930975732,-40.55315399169922,,671.7002639770508,66.62958437871703,-2.6881788113020826,0.8059816614767918,34.575030649788616,0.9905846091814715,False,high_ellipticity,0.6678884001527939,True,/Users/rajeevkumar/Downloads/jwst/jwst_lab/outputs/figures/cutouts/test_jwst_image_1_i2d_anomaly_730.png,"SNR=66.6, ecc=0.99, asym=0.81"
/Users/rajeevkumar/Downloads/jwst/jwst_lab/data/products/test_jwst_image_1_i2d.fits,test_obs_1,NIRCAM,F115W,370.71248533913086,404.52392544057227,149.0088352061599,69.6690417574802,-116.10845184326172,,764.048469543457,75.79010267087628,0.0,0.8381361217136698,22.854729564326583,5.524382689768287,False,high_ellipticity,0.6611227469670374,True,/Users/rajeevkumar/Downloads/jwst/jwst_lab/outputs/figures/cutouts/test_jwst_image_1_i2d_anomaly_353.png,"SNR=75.8, ecc=5.52, asym=0.84"
/Users/rajeevkumar/Downloads/jwst/jwst_lab/data/products/test_jwst_image_1_i2d.fits,test_obs_1,NIRCAM,F115W,388.6970562588126,513.5365401919307,149.00367701877317,69.6799441290389,-33.31371307373047,,4262.7024002075195,422.8405205237352,0.0,0.8793939122849124,7.964100315312671,1.0713952414921382,False,high_ellipticity,0.6554481135909386,True,/Users/rajeevkumar/Downloads/jwst/jwst_lab/outputs/figures/cutouts/test_jwst_image_1_i2d_anomaly_457.png,"SNR=422.8, ecc=1.07, asym=0.88"
/Users/rajeevkumar/Downloads/jwst/jwst_lab/data/products/test_jwst_image_1_i2d.fits,test_obs_1,NIRCAM,F115W,824.5284568608781,786.0541461021049,148.8780565959501,69.70717621340025,13.059288024902344,,671.7002639770508,66.62958437871703,-4.823533882844046,0.8628608858204815,12.740989839708483,1.3254268115940764,False,high_ellipticity,0.6507956694977615,True,/Users/rajeevkumar/Downloads/jwst/jwst_lab/outputs/figures/cutouts/test_jwst_image_1_i2d_anomaly_717.png,"SNR=66.6, ecc=1.33, asym=0.86"
/Users/rajeevkumar/Downloads/jwst/jwst_lab/data/products/test_jwst_image_1_i2d.fits,test_obs_1,NIRCAM,F115W,384.1486274538006,337.8701668806575,149.00495658987157,69.6623772287399,38.64350891113281,,844.8146438598633,83.80173660220522,0.0,0.8727084315262592,40.15956746994998,1.0129306874800286,False,high_ellipticity,0.6485490623045079,True,/Users/rajeevkumar/Downloads/jwst/jwst_lab/outputs/figures/cutouts/test_jwst_image_1_i2d_anomaly_297.png,"SNR=83.8, ecc=1.01, asym=0.87"
/Users/rajeevkumar/Downloads/jwst/jwst_lab/data/products/test_jwst_image_1_i2d.fits,test_obs_1,NIRCAM,F115W,342.24347347372526,466.4705754513209,149.01704326116234,69.67523434798791,64709.939277648926,,4262.7024002075195,422.8405205237352,0.9741748381605626,0.5930754689887481,0.11372732214846082,0.0,False,none,0.6444113428424362,True,/Users/rajeevkumar/Downloads/jwst/jwst_lab/outputs/figures/cutouts/test_jwst_image_1_i2d_anomaly_413.png,"SNR=422.8, ecc=0.00, asym=0.59"
/Users/rajeevkumar/Downloads/jwst/jwst_lab/data/products/test_jwst_image_1_i2d.fits,test_obs_1,NIRCAM,F115W,521.4440448889076,734.0027923015841,148.96544734748568,69.70199425236852,41.47332000732422,,279.4142837524414,27.716614975959203,1.4018717773640963,0.7543658430476823,2.0919901883441177,9.312810058884144,False,high_ellipticity,0.644359970066766,True,/Users/rajeevkumar/Downloads/jwst/jwst_lab/outputs/figures/cutouts/test_jwst_image_1_i2d_anomaly_671.png,"SNR=27.7, ecc=9.31, asym=0.75"
/Users/rajeevkumar/Downloads/jwst/jwst_lab/data/products/test_jwst_image_1_i2d.fits,test_obs_1,NIRCAM,F115W,369.5772065280018,510.68394472597174,149.0091823251075,69.67965768128161,63.5665283203125,,4262.7024002075195,422.8405205237352,0.8378182804294289,0.8835195423202039,0.46325828089858545,0.9702419357610421,False,high_ellipticity,0.6421308927160558,True,/Users/rajeevkumar/Downloads/jwst/jwst_lab/outputs/figures/cutouts/test_jwst_image_1_i2d_anomaly_455.png,"SNR=422.8, ecc=0.97, asym=0.88"
/Users/rajeevkumar/Downloads/jwst/jwst_lab/data/products/test_jwst_image_1_i2d.fits,test_obs_1,NIRCAM,F115W,689.5451324605524,582.7415105202443,148.91702640731296,69.6868606358249,8.0517578125,,783.500617980957,77.71966654805829,0.0,0.8236669137715175,17.478088132894722,6.4440088371404745,False,high_ellipticity,0.6404855007921767,True,/Users/rajeevkumar/Downloads/jwst/jwst_lab/outputs/figures/cutouts/test_jwst_image_1_i2d_anomaly_526.png,"SNR=77.7, ecc=6.44, asym=0.82"
/Users/rajeevkumar/Downloads/jwst/jwst_lab/data/products/test_jwst_image_1_i2d.fits,test_obs_1,NIRCAM,F115W,305.4822414341828,506.84753022952475,149.02763812869082,69.67926879974982,-70.54336547851562,,4262.7024002075195,422.8405205237352,0.0,0.883677969236521,2.6367354979327224,0.9401894603197861,False,high_ellipticity,0.6387553350407841,True,/Users/rajeevkumar/Downloads/jwst/jwst_lab/outputs/figures/cutouts/test_jwst_image_1_i2d_anomaly_448.png,"SNR=422.8, ecc=0.94, asym=0.88"
/Users/rajeevkumar/Downloads/jwst/jwst_lab/data/products/test_jwst_image_1_i2d.fits,test_obs_1,NIRCAM,F115W,631.6962417449082,690.1278020275685,148.933672703834,69.69760334339482,-17.123931884765625,,122.99481964111328,12.200521799560633,0.0,0.739040184610818,4.565174405536954,12.335404650177322,False,high_ellipticity,0.6347062772314513,True,/Users/rajeevkumar/Downloads/jwst/jwst_lab/outputs/figures/cutouts/test_jwst_image_1_i2d_anomaly_626.png,"SNR=12.2, ecc=12.34, asym=0.74"
/Users/rajeevkumar/Downloads/jwst/jwst_lab/data/products/test_jwst_image_1_i2d.fits,test_obs_1,NIRCAM,F115W,847.8387453096905,305.1370967728455,148.87155534864,69.65908100254255,9801.351020812988,,473.20325469970703,46.939591776570865,0.5340887500127385,0.4912648200836089,-0.22277034288383574,4.880378507741773,False,high_ellipticity,0.6245375586609928,True,/Users/rajeevkumar/Downloads/jwst/jwst_lab/outputs/figures/cutouts/test_jwst_image_1_i2d_anomaly_270.png,"SNR=46.9, ecc=4.88, asym=0.49"
/Users/rajeevkumar/Downloads/jwst/jwst_lab/data/products/test_jwst_image_1_i2d.fits,test_obs_1,NIRCAM,F115W,351.12863298984377,180.45162923189488,149.01442326148228,69.64663315417044,14385.271858215332,,716.9753494262695,71.12066513001983,0.6935973552254968,0.531339292259091,0.015615916375472542,5.532509368463828,False,high_ellipticity,0.6244672864647304,True,/Users/rajeevkumar/Downloads/jwst/jwst_lab/outputs/figures/cutouts/test_jwst_image_1_i2d_anomaly_164.png,"SNR=71.1, ecc=5.53, asym=0.53"
/Users/rajeevkumar/Downloads/jwst/jwst_lab/data/products/test_jwst_image_1_i2d.fits,test_obs_1,NIRCAM,F115W,389.0434792950689,418.92284399335716,149.00356160721182,69.67048278121568,-29.235107421875,,4262.7024002075195,422.8405205237352,0.0,0.876774245233293,-0.3903156383946372,1.0490171172178326,False,high_ellipticity,0.6219592163276153,True,/Users/rajeevkumar/Downloads/jwst/jwst_lab/outputs/figures/cutouts/test_jwst_image_1_i2d_anomaly_366.png,"SNR=422.8, ecc=1.05, asym=0.88"
/Users/rajeevkumar/Downloads/jwst/jwst_lab/data/products/test_jwst_image_1_i2d.fits,test_obs_1,NIRCAM,F115W,791.262274803819,27.520077113939788,148.88793664693816,69.63132755706962,-47.54749298095703,,35.530296325683594,3.5244423800224047,7.355299936081215,0.6977566071704905,0.019634620577128677,4.047237955196939,False,border;high_ellipticity;low_snr,0.6205860041890147,True,/Users/rajeevkumar/Downloads/jwst/jwst_lab/outputs/figures/cutouts/test_jwst_image_1_i2d_anomaly_32.png,"SNR=3.5, ecc=4.05, asym=0.70"
/Users/rajeevkumar/Downloads/jwst/jwst_lab/data/products/test_jwst_image_1_i2d.fits,test_obs_1,NIRCAM,F115W,242.9489706399129,505.32781456891115,149.04564440447325,69.67910984983614,7.141242980957031,,3074.0678787231445,304.9334295308322,-0.09895892429877608,0.8060752655185901,16.81534182205352,0.4524628684344755,False,none,0.6153946170313652,True,/Users/rajeevkumar/Downloads/jwst/jwst_lab/outputs/figures/cutouts/test_jwst_image_1_i2d_anomaly_447.png,"SNR=304.9, ecc=0.45, asym=0.81"
/Users/rajeevkumar/Downloads/jwst/jwst_lab/data/products/test_jwst_image_1_i2d.fits,test_obs_1,NIRCAM,F115W,909.9814230116373,850.8133181327158,148.8533823574889,69.71363774641107,50.21886444091797,,653.694465637207,64.84349179526707,1.0931158836083423,0.8481974743511488,24.64889503257025,0.0,False,none,0.6121083987097234,True,/Users/rajeevkumar/Downloads/jwst/jwst_lab/outputs/figures/cutouts/test_jwst_image_1_i2d_anomaly_779.png,"SNR=64.8, ecc=0.00, asym=0.85"
/Users/rajeevkumar/Downloads/jwst/jwst_lab/data/products/test_jwst_image_1_i2d.fits,test_obs_1,NIRCAM,F115W,358.40294654376083,453.36980322177124,149.0123882142454,69.67392549460301,15.721504211425781,,4262.7024002075195,422.8405205237352,0.24805882738213594,0.8642858989092895,-0.15372807036733685,0.0,False,none,0.6087622555915226,True,/Users/rajeevkumar/Downloads/jwst/jwst_lab/outputs/figures/cutouts/test_jwst_image_1_i2d_anomaly_402.png,"SNR=422.8, ecc=0.00, asym=0.86"
/Users/rajeevkumar/Downloads/jwst/jwst_lab/data/products/test_jwst_image_1_i2d.fits,test_obs_1,NIRCAM,F115W,128.44028872999684,792.4058748956398,149.0787668314166,69.70780004459752,-12.607704162597656,,737.6939163208008,73.17585190772284,0.3123774613707394,0.8375024329487858,7.032025768914295,7.038165540234336,False,high_ellipticity,0.6025493977676076,True,/Users/rajeevkumar/Downloads/jwst/jwst_lab/outputs/figures/cutouts/test_jwst_image_1_i2d_anomaly_724.png,"SNR=73.2, ecc=7.04, asym=0.84"
/Users/rajeevkumar/Downloads/jwst/jwst_lab/data/products/test_jwst_image_1_i2d.fits,test_obs_1,NIRCAM,F115W,866.0293191785457,765.9708462430887,148.8661001466409,69.70516133898626,14918.268562316895,,671.7002639770508,66.62958437871703,0.4761802294161196,0.3911677095579354,-0.5436672165099368,1.6930295995590552,False,high_ellipticity,0.6010944759678047,True,/Users/rajeevkumar/Downloads/jwst/jwst_lab/outputs/figures/cutouts/test_jwst_image_1_i2d_anomaly_700.png,"SNR=66.6, ecc=1.69, asym=0.39"
/Users/rajeevkumar/Downloads/jwst/jwst_lab/data/products/test_jwst_image_2_i2d.fits,test_obs_2,NIRCAM,F200W,389.57454652739847,557.0957176349647,149.00343151208958,69.68430009636204,-0.886810302734375,,3559.9453048706055,350.6734282104775,25.740537689362366,0.8528477191384708,3.2849608532341406,1.004425449402538,False,high_ellipticity,0.6749793736551807,True,/Users/rajeevkumar/Downloads/jwst/jwst_lab/outputs/figures/cutouts/test_jwst_image_2_i2d_anomaly_469.png,"SNR=350.7, ecc=1.00, asym=0.85"
/Users/rajeevkumar/Downloads/jwst/jwst_lab/data/products/test_jwst_image_2_i2d.fits,test_obs_2,NIRCAM,F200W,573.4890211917883,222.58947733681566,148.95048796293767,69.65085203138557,26.661544799804688,,973.980827331543,95.94225935559527,1.3125453416289337,0.8730880118971441,32.82799029587089,1.01759568366427,False,high_ellipticity,0.6603956267994567,True,/Users/rajeevkumar/Downloads/jwst/jwst_lab/outputs/figures/cutouts/test_jwst_image_2_i2d_anomaly_172.png,"SNR=95.9, ecc=1.02, asym=0.87"
/Users/rajeevkumar/Downloads/jwst/jwst_lab/data/products/test_jwst_image_2_i2d.fits,test_obs_2,NIRCAM,F200W,242.03740185972515,615.5840787687114,149.04594716021828,69.69013535070683,59.10236358642578,,3553.6098556518555,350.04935297714377,0.0,0.7682706432531748,0.1906605517054343,7.935377930918308,False,high_ellipticity,0.6602333658059848,True,/Users/rajeevkumar/Downloads/jwst/jwst_lab/outputs/figures/cutouts/test_jwst_image_2_i2d_anomaly_520.png,"SNR=350.0, ecc=7.94, asym=0.77"
/Users/rajeevkumar/Downloads/jwst/jwst_lab/data/products/test_jwst_image_2_i2d.fits,test_obs_2,NIRCAM,F200W,429.542259709026,594.5271037683616,148.99192397164484,69.68804514595965,45401.20635223389,,3559.9453048706055,350.6734282104775,0.9978090248886635,0.42052527188409977,0.08452852027114062,0.0,False,none,0.6582493469760645,True,/Users/rajeevkumar/Downloads/jwst/jwst_lab/outputs/figures/cutouts/test_jwst_image_2_i2d_anomaly_499.png,"SNR=350.7, ecc=0.00, asym=0.42"
/Users/rajeevkumar/Downloads/jwst/jwst_lab/data/products/test_jwst_image_2_i2d.fits,test_obs_2,NIRCAM,F200W,676.9351940485394,730.4375303442047,148.92062550831233,69.70163125567962,9.16973876953125,,316.50167083740234,31.177087410597206,0.0,0.7815547635138932,0.20232897357774027,93.26400005278502,False,high_ellipticity,0.6553708265906265,True,/Users/rajeevkumar/Downloads/jwst/jwst_lab/outputs/figures/cutouts/test_jwst_image_2_i2d_anomaly_634.png,"SNR=31.2, ecc=93.26, asym=0.78"
/Users/rajeevkumar/Downloads/jwst/jwst_lab/data/products/test_jwst_image_2_i2d.fits,test_obs_2,NIRCAM,F200W,140.8311218038779,920.5023565311465,149.07525858076082,69.72061186707359,10.24688720703125,,969.561393737793,95.50692178820385,0.0,0.8905496633402002,34.36588874604123,1.4064010551004782,False,high_ellipticity,0.6545922803666994,True,/Users/rajeevkumar/Downloads/jwst/jwst_lab/outputs/figures/cutouts/test_jwst_image_2_i2d_anomaly_799.png,"SNR=95.5, ecc=1.41, asym=0.89"
/Users/rajeevkumar/Downloads/jwst/jwst_lab/data/products/test_jwst_image_2_i2d.fits,test_obs_2,NIRCAM,F200W,386.26557020149824,337.7040645159392,149.00434745995562,69.66236074390002,-23.15746307373047,,842.2098922729492,82.96212579222951,0.3667274223522183,0.8692095762548387,34.95824396520058,0.9831845028488777,False,high_ellipticity,0.6411661085263958,True,/Users/rajeevkumar/Downloads/jwst/jwst_lab/outputs/figures/cutouts/test_jwst_image_2_i2d_anomaly_270.png,"SNR=83.0, ecc=0.98, asym=0.87"
/Users/rajeevkumar/Downloads/jwst/jwst_lab/data/products/test_jwst_image_2_i2d.fits,test_obs_2,NIRCAM,F200W,427.9134054558627,635.4190150925857,148.99239782012796,69.69213427341056,-30.646263122558594,,3559.9453048706055,350.6734282104775,0.0,0.8254493389542951,22.83863722700463,0.0,False,none,0.6257787041599276,True,/Users/rajeevkumar/Downloads/jwst/jwst_lab/outputs/figures/cutouts/test_jwst_image_2_i2d_anomaly_536.png,"SNR=350.7, ecc=0.00, asym=0.83"
/Users/rajeevkumar/Downloads/jwst/jwst_lab/data/products/test_jwst_image_2_i2d.fits,test_obs_2,NIRCAM,F200W,183.6728965093459,853.689530017204,149.0628681719317,69.7139376536858,-83.25129699707031,,969.561393737793,95.50692178820385,0.0,0.8705341121970176,33.54875558486293,0.0,False,none,0.6255247511915097,True,/Users/rajeevkumar/Downloads/jwst/jwst_lab/outputs/figures/cutouts/test_jwst_image_2_i2d_anomaly_746.png,"SNR=95.5, ecc=0.00, asym=0.87"
/Users/rajeevkumar/Downloads/jwst/jwst_lab/data/products/test_jwst_image_2_i2d.fits,test_obs_2,NIRCAM,F200W,461.24941932177484,575.097445484814,148.98278860642597,69.68610316104638,-27.56237030029297,,3559.9453048706055,350.6734282104775,0.0,0.8286670476928036,21.717929979742546,0.0,False,none,0.6195220996055826,True,/Users/rajeevkumar/Downloads/jwst/jwst_lab/outputs/figures/cutouts/test_jwst_image_2_i2d_anomaly_484.png,"SNR=350.7, ecc=0.00, asym=0.83"
/Users/rajeevkumar/Downloads/jwst/jwst_lab/data/products/test_jwst_image_2_i2d.fits,test_obs_2,NIRCAM,F200W,761.0975896466861,215.33025487114224,148.8965396516854,69.6501123114967,-79.30301666259766,,892.401237487793,87.9062385764636,-3.559232570173132,0.8393005003106773,23.449391219177368,1.935239206821626,False,high_ellipticity,0.6181096745375882,True,/Users/rajeevkumar/Downloads/jwst/jwst_lab/outputs/figures/cutouts/test_jwst_image_2_i2d_anomaly_167.png,"SNR=87.9, ecc=1.94, asym=0.84"
/Users/rajeevkumar/Downloads/jwst/jwst_lab/data/products/test_jwst_image_2_i2d.fits,test_obs_2,NIRCAM,F200W,309.18231257072586,483.84189836505,149.02656637027488,69.67696859291303,28.262840270996094,,841.9392013549805,82.93546130610395,0.010387651995339307,0.8732940361805875,30.664323903308443,0.9886167051774047,False,high_ellipticity,0.6106555750525762,True,/Users/rajeevkumar/Downloads/jwst/jwst_lab/outputs/figures/cutouts/test_jwst_image_2_i2d_anomaly_396.png,"SNR=82.9, ecc=0.99, asym=0.87"
/Users/rajeevkumar/Downloads/jwst/jwst_lab/data/products/test_jwst_image_2_i2d.fits,test_obs_2,NIRCAM,F200W,905.8382678891929,828.6528105971795,148.85458924991914,69.7114224772247,-59.466461181640625,,639.6879196166992,63.01264107903752,0.0,0.847927305605763,12.1382160315489,7.036830649443214,False,high_ellipticity,0.6087626071854276,True,/Users/rajeevkumar/Downloads/jwst/jwst_lab/outputs/figures/cutouts/test_jwst_image_2_i2d_anomaly_714.png,"SNR=63.0, ecc=7.04, asym=0.85"
/Users/rajeevkumar/Downloads/jwst/jwst_lab/data/products/test_jwst_image_2_i2d.fits,test_obs_2,NIRCAM,F200W,269.2301043845479,528.6797016219253,149.03808431382976,69.68144819418428,-29.75611114501953,,3553.6098556518555,350.04935297714377,-1.537959374182012,0.8184371169977063,-0.3436466880598364,1.3550531348445534,False,high_ellipticity,0.6083306476546452,True,/Users/rajeevkumar/Downloads/jwst/jwst_lab/outputs/figures/cutouts/test_jwst_image_2_i2d_anomaly_441.png,"SNR=350.0, ecc=1.36, asym=0.82"
/Users/rajeevkumar/Downloads/jwst/jwst_lab/data/products/test_jwst_image_2_i2d.fits,test_obs_2,NIRCAM,F200W,89.77349569071072,787.8977686065613,149.08991355675315,69.70734189992321,-31.201766967773438,,736.6894454956055,72.56780406849806,0.06149445880559283,0.8347942934726447,-0.22952780298366668,19.243115428778797,False,high_ellipticity,0.603075942332031,True,/Users/rajeevkumar/Downloads/jwst/jwst_lab/outputs/figures/cutouts/test_jwst_image_2_i2d_anomaly_679.png,"SNR=72.6, ecc=19.24, asym=0.83"
/Users/rajeevkumar/Downloads/jwst/jwst_lab/data/products/test_jwst_image_2_i2d.fits,test_obs_2,NIRCAM,F200W,263.17896386188914,679.2381864643088,149.03987763840794,69.69650333228464,-52.806358337402344,,2795.8871994018555,275.4096664807259,0.0,0.7964614016156295,9.904131194279636,1.045601505878619,False,high_ellipticity,0.6005094314969714,True,/Users/rajeevkumar/Downloads/jwst/jwst_lab/outputs/figures/cutouts/test_jwst_image_2_i2d_anomaly_583.png,"SNR=275.4, ecc=1.05, asym=0.80"
/Users/rajeevkumar/Downloads/jwst/jwst_lab/data/products/test_jwst_image_2_i2d.fits,test_obs_2,NIRCAM,F200W,204.63881780013372,531.222043840124,149.0566867226847,69.68169408407134,-25.491111755371094,,3553.6098556518555,350.04935297714377,0.0,0.8472663879425045,11.929366202870751,0.9396315717949738,False,high_ellipticity,0.5991089030072532,True,/Users/rajeevkumar/Downloads/jwst/jwst_lab/outputs/figures/cutouts/test_jwst_image_2_i2d_anomaly_445.png,"SNR=350.0, ecc=0.94, asym=0.85"
/Users/rajeevkumar/Downloads/jwst/jwst_lab/data/products/test_jwst_image_2_i2d.fits,test_obs_2,NIRCAM,F200W,179.89255093036874,570.7018929877944,149.06383111648276,69.68563834564665,58.561676025390625,,3553.6098556518555,350.04935297714377,1.2224621894519352,0.7772270485561609,1.7281343037406067,0.2007129449980732,False,none,0.5971430294326602,True,/Users/rajeevkumar/Downloads/jwst/jwst_lab/outputs/figures/cutouts/test_jwst_image_2_i2d_anomaly_481.png,"SNR=350.0, ecc=0.20, asym=0.78"
/Users/rajeevkumar/Downloads/jwst/jwst_lab/data/products/test_jwst_image_2_i2d.fits,test_obs_2,NIRCAM,F200W,153.5640854134611,881.8691748186768,149.0715660824767,69.71675074498758,21785.232902526855,,969.561393737793,95.50692178820385,0.5132643637592453,0.41820277157763824,1.6841099799011279,1.074361642660398,False,high_ellipticity,0.5920750168540004,True,/Users/rajeevkumar/Downloads/jwst/jwst_lab/outputs/figures/cutouts/test_jwst_image_2_i2d_anomaly_762.png,"SNR=95.5, ecc=1.07, asym=0.42"
/Users/rajeevkumar/Downloads/jwst/jwst_lab/data/products/test_jwst_image_2_i2d.fits,test_obs_2,NIRCAM,F200W,188.2101406299195,855.4332580424975,149.06156027419007,69.71411272259425,-37.4747314453125,,969.561393737793,95.50692178820385,0.0,0.8752083965957563,27.350397931331653,0.0,False,none,0.5892228541411829,True,/Users/rajeevkumar/Downloads/jwst/jwst_lab/outputs/figures/cutouts/test_jwst_image_2_i2d_anomaly_749.png,"SNR=95.5, ecc=0.00, asym=0.88"
/Users/rajeevkumar/Downloads/jwst/jwst_lab/data/products/test_jwst_image_2_i2d.fits,test_obs_2,NIRCAM,F200W,225.48391205106634,568.7095025108704,149.05069810020254,69.68544573382201,25356.674118041992,,3553.6098556518555,350.04935297714377,1.0018957048649932,0.6967685918649985,-0.22548714093938085,0.0,False,none,0.5857828803297492,True,/Users/rajeevkumar/Downloads/jwst/jwst_lab/outputs/figures/cutouts/test_jwst_image_2_i2d_anomaly_479.png,"SNR=350.0, ecc=0.00, asym=0.70"
/Users/rajeevkumar/Downloads/jwst/jwst_lab/data/products/test_jwst_image_2_i2d.fits,test_obs_2,NIRCAM,F200W,550.538154824202,252.29444968036805,148.95708637888956,69.65382307884472,21739.9203414917,,973.980827331543,95.94225935559527,0.5297658646628579,0.37127170742441357,0.15643374327641385,1.0598925044261531,False,high_ellipticity,0.5845200238811844,True,/Users/rajeevkumar/Downloads/jwst/jwst_lab/outputs/figures/cutouts/test_jwst_image_2_i2d_anomaly_202.png,"SNR=95.9, ecc=1.06, asym=0.37"
/Users/rajeevkumar/Downloads/jwst/jwst_lab/data/products/test_jwst_image_2_i2d.fits,test_obs_2,NIRCAM,F200W,444.8707326992755,552.7136933068327,148.98750446093865,69.6838643385539,91.72345733642578,,3559.9453048706055,350.6734282104775,0.0,0.8312373103692706,13.800423004647104,0.0,False,none,0.581240166302486,True,/Users/rajeevkumar/Downloads/jwst/jwst_lab/outputs/figures/cutouts/test_jwst_image_2_i2d_anomaly_468.png,"SNR=350.7, ecc=0.00, asym=0.83"
/Users/rajeevkumar/Downloads/jwst/jwst_lab/data/products/test_jwst_image_2_i2d.fits,test_obs_2,NIRCAM,F200W,288.36842350301754,451.5018337669841,149.03254943812712,69.67373250691911,16149.913139343262,,841.9392013549805,82.93546130610395,0.4905137719229216,0.3470644286676331,-0.19431303716768886,0.0,False,none,0.5807003108623761,True,/Users/rajeevkumar/Downloads/jwst/jwst_lab/outputs/figures/cutouts/test_jwst_image_2_i2d_anomaly_368.png,"SNR=82.9, ecc=0.00, asym=0.35"
/Users/rajeevkumar/Downloads/jwst/jwst_lab/data/products/test_jwst_image_2_i2d.fits,test_obs_2,NIRCAM,F200W,408.5406865651067,623.0169401987589,148.9979779727755,69.69089321850424,-0.12148284912109375,,3559.9453048706055,350.6734282104775,0.0,0.821278926512919,13.529647378003492,0.0,False,none,0.5804945440487049,True,/Users/rajeevkumar/Downloads/jwst/jwst_lab/outputs/figures/cutouts/test_jwst_image_2_i2d_anomaly_528.png,"SNR=350.7, ecc=0.00, asym=0.82"
/Users/rajeevkumar/Downloads/jwst/jwst_lab/data/products/test_jwst_image_2_i2d.fits,test_obs_2,NIRCAM,F200W,287.86555452389615,451.91947916641254,149.03269433092237,69.67377421862432,18964.277336120605,,841.9392013549805,82.93546130610395,0.49273326224249053,0.3470644286676331,-0.17095657549486437,0.0,False,none,0.580240018355686,True,/Users/rajeevkumar/Downloads/jwst/jwst_lab/outputs/figures/cutouts/test_jwst_image_2_i2d_anomaly_364.png,"SNR=82.9, ecc=0.00, asym=0.35"
/Users/rajeevkumar/Downloads/jwst/jwst_lab/data/products/test_jwst_image_2_i2d.fits,test_obs_2,NIRCAM,F200W,158.5537628782717,926.2351782839794,149.070148034319,69.7211881726312,17.296310424804688,,969.561393737793,95.50692178820385,-0.014373653457607083,0.8865895176142983,23.165312764372334,1.3213585312056482,False,high_ellipticity,0.5785625850552862,True,/Users/rajeevkumar/Downloads/jwst/jwst_lab/outputs/figures/cutouts/test_jwst_image_2_i2d_anomaly_803.png,"SNR=95.5, ecc=1.32, asym=0.89"
/Users/rajeevkumar/Downloads/jwst/jwst_lab/data/products/test_jwst_image_2_i2d.fits,test_obs_2,NIRCAM,F200W,297.11251740930885,678.0038714119821,149.03009796401176,69.6963835962964,-25.47632598876953,,2795.8871994018555,275.4096664807259,0.0,0.8172934723607921,6.91122981045615,0.9867687308972317,False,high_ellipticity,0.5766168666955995,True,/Users/rajeevkumar/Downloads/jwst/jwst_lab/outputs/figures/cutouts/test_jwst_image_2_i2d_anomaly_582.png,"SNR=275.4, ecc=0.99, asym=0.82"
/Users/rajeevkumar/Downloads/jwst/jwst_lab/data/products/test_jwst_image_2_i2d.fits,test_obs_2,NIRCAM,F200W,154.83834059082227,745.7561447423204,149.0711325216413,69.70313968241602,-48.504432678222656,,733.2285690307617,72.22688944464717,-113.29715135001238,0.7897033906442421,-0.4895677164422204,0.0,False,none,0.5751878861279702,True,/Users/rajeevkumar/Downloads/jwst/jwst_lab/outputs/figures/cutouts/test_jwst_image_2_i2d_anomaly_643.png,"SNR=72.2, ecc=0.00, asym=0.79"
/Users/rajeevkumar/Downloads/jwst/jwst_lab/data/products/test_jwst_image_2_i2d.fits,test_obs_2,NIRCAM,F200W,140.88435231154952,905.0138906044825,149.07523541313603,69.71906303323769,-26.645484924316406,,969.561393737793,95.50692178820385,-7.387831310075297,0.8868651167131097,1.2550041289918452,1.1420368649238908,False,high_ellipticity,0.5732285724934726,True,/Users/rajeevkumar/Downloads/jwst/jwst_lab/outputs/figures/cutouts/test_jwst_image_2_i2d_anomaly_787.png,"SNR=95.5, ecc=1.14, asym=0.89"
/Users/rajeevkumar/Downloads/jwst/jwst_lab/data/products/test_jwst_image_3_i2d.fits,test_obs_3,NIRCAM,F444W,642.4653263421422,267.83387760725134,148.9306443221869,69.6553733216639,150.7705841064453,,2362.503288269043,231.92854958896987,5.076072944628254,0.828466225032588,13.140599912255587,0.0,False,none,0.6782628017488977,True,/Users/rajeevkumar/Downloads/jwst/jwst_lab/outputs/figures/cutouts/test_jwst_image_3_i2d_anomaly_216.png,"SNR=231.9, ecc=0.00, asym=0.83"
/Users/rajeevkumar/Downloads/jwst/jwst_lab/data/products/test_jwst_image_3_i2d.fits,test_obs_3,NIRCAM,F444W,287.82960227320564,452.0446031564145,149.0327047187871,69.67378672723527,18606.62377166748,,845.683219909668,83.02129507260302,0.48765141921939054,0.3429248907532782,-0.07487120305399496,4.3097740656097185,False,high_ellipticity,0.6682066321990386,True,/Users/rajeevkumar/Downloads/jwst/jwst_lab/outputs/figures/cutouts/test_jwst_image_3_i2d_anomaly_363.png,"SNR=83.0, ecc=4.31, asym=0.34"
/Users/rajeevkumar/Downloads/jwst/jwst_lab/data/products/test_jwst_image_3_i2d.fits,test_obs_3,NIRCAM,F444W,202.9133124884539,337.2930490363815,149.05710261940715,69.66230095848096,-115.05620574951172,,3551.736198425293,348.67635068011424,0.0,0.7905780141413912,41.73902077254461,1.011727330479878,False,high_ellipticity,0.6676181791460776,True,/Users/rajeevkumar/Downloads/jwst/jwst_lab/outputs/figures/cutouts/test_jwst_image_3_i2d_anomaly_275.png,"SNR=348.7, ecc=1.01, asym=0.79"
/Users/rajeevkumar/Downloads/jwst/jwst_lab/data/products/test_jwst_image_3_i2d.fits,test_obs_3,NIRCAM,F444W,203.1642006690355,300.3613454443772,149.0570150305486,69.65860782933288,48602.61693572998,,3551.736198425293,348.67635068011424,0.987651622318077,0.6125654230912683,-0.11780701349916417,1.09487379949839,False,high_ellipticity,0.6541178002828609,True,/Users/rajeevkumar/Downloads/jwst/jwst_lab/outputs/figures/cutouts/test_jwst_image_3_i2d_anomaly_243.png,"SNR=348.7, ecc=1.09, asym=0.61"
/Users/rajeevkumar/Downloads/jwst/jwst_lab/data/products/test_jwst_image_3_i2d.fits,test_obs_3,NIRCAM,F444W,196.59668434901718,882.9693099355565,149.05915313716596,69.71686758489045,-99.79695129394531,,961.8730392456055,94.427728413626,-2.8069574055532196,0.8866294940166065,33.51351340889741,1.4107496822720877,False,high_ellipticity,0.6540402121417677,True,/Users/rajeevkumar/Downloads/jwst/jwst_lab/outputs/figures/cutouts/test_jwst_image_3_i2d_anomaly_748.png,"SNR=94.4, ecc=1.41, asym=0.89"
/Users/rajeevkumar/Downloads/jwst/jwst_lab/data/products/test_jwst_image_3_i2d.fits,test_obs_3,NIRCAM,F444W,634.80037645657,382.5870179031271,148.93282976174137,69.66684909271295,126.78021240234375,,931.110466003418,91.40774574138496,1.7782734408203131,0.7871615689400449,0.15209441166000062,7.728903584710169,False,high_ellipticity,0.6533033330545441,True,/Users/rajeevkumar/Downloads/jwst/jwst_lab/outputs/figures/cutouts/test_jwst_image_3_i2d_anomaly_305.png,"SNR=91.4, ecc=7.73, asym=0.79"
/Users/rajeevkumar/Downloads/jwst/jwst_lab/data/products/test_jwst_image_3_i2d.fits,test_obs_3,NIRCAM,F444W,579.8928428418277,279.0826390232126,148.9486411397528,69.65650114808551,-10.547401428222656,,2362.503288269043,231.92854958896987,0.0,0.900529638627673,41.84372823798799,0.5832127453130533,False,none,0.6476701770261679,True,/Users/rajeevkumar/Downloads/jwst/jwst_lab/outputs/figures/cutouts/test_jwst_image_3_i2d_anomaly_225.png,"SNR=231.9, ecc=0.58, asym=0.90"
/Users/rajeevkumar/Downloads/jwst/jwst_lab/data/products/test_jwst_image_3_i2d.fits,test_obs_3,NIRCAM,F444W,749.6247976215136,277.2138788690233,148.89981878591712,69.65630198735737,10.817085266113281,,903.3400802612305,88.68150814472504,0.0,0.8441469690643135,2.768927765196417,30.791394866283344,False,high_ellipticity,0.647322433523016,True,/Users/rajeevkumar/Downloads/jwst/jwst_lab/outputs/figures/cutouts/test_jwst_image_3_i2d_anomaly_223.png,"SNR=88.7, ecc=30.79, asym=0.84"
/Users/rajeevkumar/Downloads/jwst/jwst_lab/data/products/test_jwst_image_3_i2d.fits,test_obs_3,NIRCAM,F444W,671.9553881558501,810.9628915216234,148.9220433531809,69.70968417155238,-64.04788208007812,,912.3019332885742,89.56129933256472,0.0,0.8610839736158782,30.748847952310616,5.351255769697203,False,high_ellipticity,0.6461278345159827,True,/Users/rajeevkumar/Downloads/jwst/jwst_lab/outputs/figures/cutouts/test_jwst_image_3_i2d_anomaly_688.png,"SNR=89.6, ecc=5.35, asym=0.86"
/Users/rajeevkumar/Downloads/jwst/jwst_lab/data/products/test_jwst_image_3_i2d.fits,test_obs_3,NIRCAM,F444W,842.0112557236781,621.6934862409595,148.87308966511205,69.69073751280854,7666.401268005371,,404.4242172241211,39.70259960491669,0.7419845325578633,0.6163840784384131,0.07414885034413035,9.180999916543811,False,high_ellipticity,0.6370172452747258,True,/Users/rajeevkumar/Downloads/jwst/jwst_lab/outputs/figures/cutouts/test_jwst_image_3_i2d_anomaly_520.png,"SNR=39.7, ecc=9.18, asym=0.62"
/Users/rajeevkumar/Downloads/jwst/jwst_lab/data/products/test_jwst_image_3_i2d.fits,test_obs_3,NIRCAM,F444W,822.9100852911855,774.7968161984047,148.8785280068572,69.70605072092506,14.677093505859375,,682.5590744018555,67.00728710976688,0.0,0.8440445331893405,19.262709186886394,6.623991090946703,False,high_ellipticity,0.636080958220358,True,/Users/rajeevkumar/Downloads/jwst/jwst_lab/outputs/figures/cutouts/test_jwst_image_3_i2d_anomaly_659.png,"SNR=67.0, ecc=6.62, asym=0.84"
/Users/rajeevkumar/Downloads/jwst/jwst_lab/data/products/test_jwst_image_3_i2d.fits,test_obs_3,NIRCAM,F444W,171.01941774370246,314.1561786718321,149.066268655168,69.65998240874953,8.588485717773438,,3551.736198425293,348.67635068011424,0.0,0.7681797235940812,15.514641340459553,0.9766729076637667,False,high_ellipticity,0.631913782452256,True,/Users/rajeevkumar/Downloads/jwst/jwst_lab/outputs/figures/cutouts/test_jwst_image_3_i2d_anomaly_257.png,"SNR=348.7, ecc=0.98, asym=0.77"
/Users/rajeevkumar/Downloads/jwst/jwst_lab/data/products/test_jwst_image_3_i2d.fits,test_obs_3,NIRCAM,F444W,254.43670886030864,357.582341058459,149.04228505911988,69.66433673528887,-76.2423324584961,,220.90706634521484,21.68659647832219,-5.282257666874574,0.7115906193261712,-0.16772299616439165,2.652311496279343,False,high_ellipticity,0.6270592036033975,True,/Users/rajeevkumar/Downloads/jwst/jwst_lab/outputs/figures/cutouts/test_jwst_image_3_i2d_anomaly_288.png,"SNR=21.7, ecc=2.65, asym=0.71"
/Users/rajeevkumar/Downloads/jwst/jwst_lab/data/products/test_jwst_image_3_i2d.fits,test_obs_3,NIRCAM,F444W,595.5867846500274,683.1395533460977,148.9440804426925,69.69690626716508,2350.2919540405273,,140.8213882446289,13.824531161017626,0.4640572997198489,0.6132048100338757,-0.16410186852450215,9.156613732616982,False,high_ellipticity,0.6262732971975924,True,/Users/rajeevkumar/Downloads/jwst/jwst_lab/outputs/figures/cutouts/test_jwst_image_3_i2d_anomaly_580.png,"SNR=13.8, ecc=9.16, asym=0.61"
/Users/rajeevkumar/Downloads/jwst/jwst_lab/data/products/test_jwst_image_3_i2d.fits,test_obs_3,NIRCAM,F444W,236.70353347680765,290.3948185767218,149.04736287320668,69.65761577354631,59.25157165527344,,3551.736198425293,348.67635068011424,0.372160816837387,0.8334820212453,13.61343853407172,0.0,False,none,0.6250053192617214,True,/Users/rajeevkumar/Downloads/jwst/jwst_lab/outputs/figures/cutouts/test_jwst_image_3_i2d_anomaly_238.png,"SNR=348.7, ecc=0.00, asym=0.83"
/Users/rajeevkumar/Downloads/jwst/jwst_lab/data/products/test_jwst_image_3_i2d.fits,test_obs_3,NIRCAM,F444W,172.93656689579086,261.29092443475355,149.0656928978444,69.65469619775637,2684.5727767944336,,3551.736198425293,348.67635068011424,0.7562317697664929,0.8035276197277295,-0.033729956685667244,0.8631308047597961,False,high_ellipticity,0.6216694412555923,True,/Users/rajeevkumar/Downloads/jwst/jwst_lab/outputs/figures/cutouts/test_jwst_image_3_i2d_anomaly_211.png,"SNR=348.7, ecc=0.86, asym=0.80"
/Users/rajeevkumar/Downloads/jwst/jwst_lab/data/products/test_jwst_image_3_i2d.fits,test_obs_3,NIRCAM,F444W,581.6505139692795,214.72136641636956,148.94814170597297,69.65006496487624,55.774742126464844,,2362.503288269043,231.92854958896987,0.004353175147035599,0.9134465589145248,28.279284737188885,0.388509727706078,False,none,0.6202574253879783,True,/Users/rajeevkumar/Downloads/jwst/jwst_lab/outputs/figures/cutouts/test_jwst_image_3_i2d_anomaly_166.png,"SNR=231.9, ecc=0.39, asym=0.91"
/Users/rajeevkumar/Downloads/jwst/jwst_lab/data/products/test_jwst_image_3_i2d.fits,test_obs_3,NIRCAM,F444W,560.5279359694148,219.12493775874307,148.95421542864986,69.65050591913779,54.78455352783203,,2362.503288269043,231.92854958896987,0.0,0.9152340124362475,27.26081813203059,0.3996190459796498,False,none,0.6189997291723335,True,/Users/rajeevkumar/Downloads/jwst/jwst_lab/outputs/figures/cutouts/test_jwst_image_3_i2d_anomaly_172.png,"SNR=231.9, ecc=0.40, asym=0.92"
/Users/rajeevkumar/Downloads/jwst/jwst_lab/data/products/test_jwst_image_3_i2d.fits,test_obs_3,NIRCAM,F444W,604.1371725320205,214.80549749833057,148.94167542240174,69.65007251143082,7462.752799987793,,2362.503288269043,231.92854958896987,0.7302339731217793,0.8128956484124159,21.04144938325104,0.21043314343654676,False,none,0.6161022852239539,True,/Users/rajeevkumar/Downloads/jwst/jwst_lab/outputs/figures/cutouts/test_jwst_image_3_i2d_anomaly_167.png,"SNR=231.9, ecc=0.21, asym=0.81"
/Users/rajeevkumar/Downloads/jwst/jwst_lab/data/products/test_jwst_image_3_i2d.fits,test_obs_3,NIRCAM,F444W,210.71246200616096,303.5365873893269,149.05484487031876,69.65892643362437,-1.1694259643554688,,3551.736198425293,348.67635068011424,0.031601252682549645,0.8388505280841995,-0.3064747373009943,1.2945645918904929,False,high_ellipticity,0.6150838605322997,True,/Users/rajeevkumar/Downloads/jwst/jwst_lab/outputs/figures/cutouts/test_jwst_image_3_i2d_anomaly_245.png,"SNR=348.7, ecc=1.29, asym=0.84"
/Users/rajeevkumar/Downloads/jwst/jwst_lab/data/products/test_jwst_image_3_i2d.fits,test_obs_3,NIRCAM,F444W,600.6080289729845,252.46005661875964,148.94268569733447,69.65383811781915,36503.096672058105,,2362.503288269043,231.92854958896987,0.9718506133423721,0.7667107482967876,12.092208971599636,0.21611654994027968,False,none,0.6141743512852701,True,/Users/rajeevkumar/Downloads/jwst/jwst_lab/outputs/figures/cutouts/test_jwst_image_3_i2d_anomaly_204.png,"SNR=231.9, ecc=0.22, asym=0.77"
/Users/rajeevkumar/Downloads/jwst/jwst_lab/data/products/test_jwst_image_3_i2d.fits,test_obs_3,NIRCAM,F444W,733.0975896466861,215.33025487114224,148.9045913565517,69.65011542226974,-80.36808013916016,,903.3400802612305,88.68150814472504,-5.261282648185121,0.8415177648298698,5.1378388099837125,2.3682035972674256,False,high_ellipticity,0.6141416638920357,True,/Users/rajeevkumar/Downloads/jwst/jwst_lab/outputs/figures/cutouts/test_jwst_image_3_i2d_anomaly_169.png,"SNR=88.7, ecc=2.37, asym=0.84"
/Users/rajeevkumar/Downloads/jwst/jwst_lab/data/products/test_jwst_image_3_i2d.fits,test_obs_3,NIRCAM,F444W,236.39781528556614,332.7166596119552,149.0474665600582,69.66184791361303,-42.254859924316406,,3551.736198425293,348.67635068011424,0.0,0.8687761262603415,4.878454642690671,1.0062801251185702,False,high_ellipticity,0.6085383646003845,True,/Users/rajeevkumar/Downloads/jwst/jwst_lab/outputs/figures/cutouts/test_jwst_image_3_i2d_anomaly_271.png,"SNR=348.7, ecc=1.01, asym=0.87"
/Users/rajeevkumar/Downloads/jwst/jwst_lab/data/products/test_jwst_image_3_i2d.fits,test_obs_3,NIRCAM,F444W,550.204855659911,252.26935549574827,148.95718224083342,69.65382057560302,20524.606071472168,,2199.413200378418,215.9178850855041,0.5203620364947042,0.6041846160805767,7.779947266485846,0.7687997037269749,False,none,0.6083285264930278,True,/Users/rajeevkumar/Downloads/jwst/jwst_lab/outputs/figures/cutouts/test_jwst_image_3_i2d_anomaly_203.png,"SNR=215.9, ecc=0.77, asym=0.60"
/Users/rajeevkumar/Downloads/jwst/jwst_lab/data/products/test_jwst_image_3_i2d.fits,test_obs_3,NIRCAM,F444W,230.87981601016938,280.5067636396201,149.04903438631482,69.65662620920817,-36.428916931152344,,3551.736198425293,348.67635068011424,0.0,0.840761455025462,8.326650994300083,0.8954540097587673,False,high_ellipticity,0.6080700436523963,True,/Users/rajeevkumar/Downloads/jwst/jwst_lab/outputs/figures/cutouts/test_jwst_image_3_i2d_anomaly_227.png,"SNR=348.7, ecc=0.90, asym=0.84"
/Users/rajeevkumar/Downloads/jwst/jwst_lab/data/products/test_jwst_image_3_i2d.fits,test_obs_3,NIRCAM,F444W,202.3688798257837,310.0550334004524,149.05724787759982,69.65957708143056,-5.330970764160156,,3551.736198425293,348.67635068011424,0.0025495300425089663,0.84169658983145,-0.13416015055144548,1.1337666875491073,False,high_ellipticity,0.6046312419468816,True,/Users/rajeevkumar/Downloads/jwst/jwst_lab/outputs/figures/cutouts/test_jwst_image_3_i2d_anomaly_253.png,"SNR=348.7, ecc=1.13, asym=0.84"
/Users/rajeevkumar/Downloads/jwst/jwst_lab/data/products/test_jwst_image_3_i2d.fits,test_obs_3,NIRCAM,F444W,126.27514566343096,904.9660501177509,149.0794500962906,69.71905564499328,-81.90902709960938,,961.8730392456055,94.427728413626,0.0,0.8841959764312062,36.04266089132135,1.8477178448476437,False,high_ellipticity,0.5919474472684488,True,/Users/rajeevkumar/Downloads/jwst/jwst_lab/outputs/figures/cutouts/test_jwst_image_3_i2d_anomaly_772.png,"SNR=94.4, ecc=1.85, asym=0.88"
/Users/rajeevkumar/Downloads/jwst/jwst_lab/data/products/test_jwst_image_3_i2d.fits,test_obs_3,NIRCAM,F444W,578.4288374665452,205.72561200619177,148.94906895357434,69.64916549439889,29925.569633483887,,2362.503288269043,231.92854958896987,0.9888497911115323,0.8247849073872793,0.567730573069052,0.3529263120242327,False,none,0.5910860103559059,True,/Users/rajeevkumar/Downloads/jwst/jwst_lab/outputs/figures/cutouts/test_jwst_image_3_i2d_anomaly_158.png,"SNR=231.9, ecc=0.35, asym=0.82"
/Users/rajeevkumar/Downloads/jwst/jwst_lab/data/products/test_jwst_image_3_i2d.fits,test_obs_3,NIRCAM,F444W,573.1702887714281,239.62856115278154,148.9505781872426,69.6525559486263,7.879386901855469,,2362.503288269043,231.92854958896987,0.0,0.9046381063126052,13.866312036074591,0.4906912719739508,False,none,0.5901804616240254,True,/Users/rajeevkumar/Downloads/jwst/jwst_lab/outputs/figures/cutouts/test_jwst_image_3_i2d_anomaly_192.png,"SNR=231.9, ecc=0.49, asym=0.90"
/Users/rajeevkumar/Downloads/jwst/jwst_lab/data/products/test_jwst_image_3_i2d.fits,test_obs_3,NIRCAM,F444W,367.35938057224035,146.24782724397568,149.009750049322,69.64321393495732,16.78797149658203,,938.120964050293,92.09597108777137,0.29114508774855685,0.8962599952010276,37.00328091266852,0.9094490581787931,False,high_ellipticity,0.5893245910923662,True,/Users/rajeevkumar/Downloads/jwst/jwst_lab/outputs/figures/cutouts/test_jwst_image_3_i2d_anomaly_112.png,"SNR=92.1, ecc=0.91, asym=0.90"
